id_property,url,name,hotel_class,class_source,recommended_stay,description,address,rating,reviews,staff,reason_to_choose,amenities,facilities,cleanliness,comfort,value,location,free_wifi,insert_time
276,https://www.booking.com/hotel/de/innsidepremiumhotel.html?aid=304142&label=gen173nr-1DCAso7AFCE21pbGxlbm5pdW0tYnJvYWR3YXlIM1gEaLUBiAEBmAExuAEXyAEM2AED6AEB-AECiAIBqAIDuAKcpPaUBsACAdICJGZhMzU0ZDY4LWY5ZjItNDc3Yi1hNTkzLTRiMTcxZjhkZThkOdgCBOACAQ&sid=4633db7cb631560c7cecd843a687be00&dest_id=62030;dest_type=hotel;dist=0;group_adults=2;group_children=0;hapos=1;hpos=1;no_rooms=1;req_adults=2;req_children=0;room1=A%2CA;sb_price_type=total;sr_order=popularity;srepoch=1654788282;srpvid=cd946c5c487002e9;type=total;ucfs=1&#hotelTmpl,"DoubleTree by Hilton Frankfurt Niederrad",4,assessed,,"This hotel offers modern studios with free internet access, free Sky TV channels and a gym. It lies in Frankfurt's Niederrad district, a 20-minute journey from the city centre.The air-conditioned studios of the DoubleTree by Hilton Frankfurt Niederrad hotel feature a designer bathroom and flat-screen TV.International cuisine is served at the Hernies restaurant with terrace. Guests are welcome to relax with a drink in the DoubleTree by Hilton Frankfurt Niederrad´s stylish bar.The nearest tram stop is 500 m from the hotel. Niederrad S-Bahn train station is a 10-minute walk away. ","Herriotstr. 2, Niederrad, 60528 Frankfurt/Main, Germany",7,143,8.1,"Booking is safeManage your bookings onlineThe staff speak English","Parking,Free WiFi,Pets allowed,Non-smoking rooms,Fitness centre,Restaurant,Tea/coffee maker in all rooms,Bar,Sun terrace,Terrace,Fruits,Wine/champagne,Special diet menus (on request),Breakfast in the room,Bar,Restaurant,Accessible parking,Street parking,Secured parking,Invoice provided,Lockers,Private check-in/check-out,Concierge service,Luggage storage,Tour desk,Express check-in/check-out,24-hour front desk,Daily housekeeping,Dry cleaning,Laundry,Fax/photocopying,Business centre,Meeting/banquet facilities,Fire extinguishers,Smoke alarms,Security alarm,Key card access,24-hour security,Safety deposit box,Minimarket on site,Vending machine (snacks),Vending machine (drinks),Air conditioning,Non-smoking throughout,Allergy-free room,Heating,Packed lunches,Soundproof rooms,Lift,Facilities for disabled guests,Non-smoking rooms,Emergency cord in bathroom,Lower bathroom sink,Higher level toilet,Toilet with grab rails,Wheelchair accessible,Fitness/spa locker rooms,Fitness,Fitness centre,Bosnian,German,English,Spanish,French,Croatian,",7.5,7.9,8,7.1,7.6,7.5,"2022-06-22 17:02:31"
277,https://www.booking.com/hotel/de/motelonefrankniederrand.html?aid=304142&label=gen173nr-1DCAso7AFCE21pbGxlbm5pdW0tYnJvYWR3YXlIM1gEaLUBiAEBmAExuAEXyAEM2AED6AEB-AECiAIBqAIDuAKcpPaUBsACAdICJGZhMzU0ZDY4LWY5ZjItNDc3Yi1hNTkzLTRiMTcxZjhkZThkOdgCBOACAQ&sid=4633db7cb631560c7cecd843a687be00&dist=0;group_adults=2;group_children=0;hapos=1;hpos=1;no_rooms=1;req_adults=2;req_children=0;room1=A%2CA;sb_price_type=total;sr_order=distance_from_search;srepoch=1654788477;srpvid=7c9c6cbec69b02c5;type=total;ucfs=1&#hotelTmpl,"Motel One Frankfurt Airport",3,website,,"This design hotel lies in the Niederrad district of Frankfurt, directly between the city center and Frankfurt Airport. It offers modern rooms, private parking, free Wi-Fi and is near the A5 motorway.All rooms at the Motel One Frankfurt Airport hotel offer air-conditioning and include a work desk, a flat-screen TV and an private bathroom.The spacious One Lounge is a breakfast café, lobby and bar. Snacks and drinks are available here 24 hours a day. The lounge features designer furniture.Motel One is a 20-minute walk from the Niederrad S-Bahn (city rail) station. This offers a connection to the Frankfurter Messe trade fair. Goldstein bus stop is just 650 feet away. ","Colmarer Straße 2, Niederrad, 60528 Frankfurt, Germany",8.5,1148,9.2,"Booking is safeManage your bookings onlineThe staff speaks English","Parking,Free WiFi,Pet friendly,Non-smoking rooms,Facilities for disabled guests,24-hour front desk,Bar,Terrace,Bar,Daily housekeeping,Shared lounge/TV area,Baggage storage,Express check-in/out,24-hour front desk,Fire extinguishers,CCTV in common areas,Smoke alarms,Key card access,Smoke-free property,Heating,Soundproof rooms,Elevator,Facilities for disabled guests,Non-smoking rooms,German,English,",8.7,9.2,8.8,8.7,7.9,8.4,"2022-06-22 18:34:25"
278,https://www.booking.com/hotel/pl/premium-hostel.html?aid=304142&label=gen173nr-1DCAso7AFCE21pbGxlbm5pdW0tYnJvYWR3YXlIM1gEaLUBiAEBmAExuAEXyAEM2AED6AEB-AECiAIBqAIDuAKcpPaUBsACAdICJGZhMzU0ZDY4LWY5ZjItNDc3Yi1hNTkzLTRiMTcxZjhkZThkOdgCBOACAQ&sid=4633db7cb631560c7cecd843a687be00&dest_id=87267;dest_type=hotel;dist=0;group_adults=2;group_children=0;hapos=1;hpos=1;no_rooms=1;req_adults=2;req_children=0;room1=A%2CA;sb_price_type=total;sr_order=popularity;srepoch=1654788638;srpvid=e7ee6d0e86c30083;type=total;ucfs=1&#hotelTmpl,"Premium Hostel",NULL,NULL,"Airport shuttle","You're eligible for a Genius discount at Premium Hostel! To save at this property, all you have to do is .Close to Cracow's old town, Premium Hostel combines the quality and service of a hotel with hostel prices, including free internet access.Premium Hostel offers a variety of room options to cater to your traveling needs. Each one is cheerfully decorated, comfortably furnished and equipped with a private bathroom.Throughout your stay you can also make full use of Premium Hostel's fully supplied, communal kitchen. Breakfast can be requested at an extra charge. There is also a pleasant lounge area at the property.Its close proximity to Cracow's old town combined with great-value accommodations makes Premium Hostel an ideal base for your stay. ","Pomorska 2, Krowodrza, 30-039 Krakow, Poland",8.4,4479,9,"Booking is safeManage your bookings onlineThe staff speaks English","Parking,Free WiFi,Airport shuttle,Non-smoking rooms,24-hour front desk,Elevator,Shared kitchen,Street parking,Shared lounge/TV area,Lockers,Airport shuttle (additional charge),Vending machine (drinks),Baggage storage,24-hour front desk,Board games/Puzzles,Fire extinguishers,CCTV in common areas,Smoke alarms,24-hour security,Safe,Smoke-free property,Heating,Elevator,Non-smoking rooms,English,Polish,",8.4,8.8,8.4,8.9,8.9,8.1,"2022-06-22 18:34:32"
279,https://www.booking.com/hotel/de/steps.html?aid=304142&label=gen173nr-1DCAso7AFCE21pbGxlbm5pdW0tYnJvYWR3YXlIM1gEaLUBiAEBmAExuAEXyAEM2AED6AEB-AECiAIBqAIDuAKcpPaUBsACAdICJGZhMzU0ZDY4LWY5ZjItNDc3Yi1hNTkzLTRiMTcxZjhkZThkOdgCBOACAQ&sid=4633db7cb631560c7cecd843a687be00&dest_id=62773;dest_type=hotel;dist=0;group_adults=2;group_children=0;hapos=1;hpos=1;no_rooms=1;req_adults=2;req_children=0;room1=A%2CA;sb_price_type=total;sr_order=popularity;srepoch=1654788727;srpvid=3fea6d3b880c01bc;type=total;ucfs=1&#hotelTmpl,Steps-Hotel,1,website,,"You're eligible for a Genius discount at Steps-Hotel! To save at this property, all you have to do is .This budget hotel in Berlin's Wedding district offers free Wi-Fi and great transport links. The Kurfürstendamm shopping street is 15 minutes away by underground.The privately run Steps-Hotel has rooms and apartments with modern, functional furniture. A small beer garden is located in the courtyard.Free Wi-Fi is available in the entire hotel. The reception and bar are open 24 hours a day.The Nauener Platz and Seestraße U-Bahn (underground) stations are 5-10 minutes away on foot. They offer direct links to sights including Checkpoint Charlie. ","Liebenwalder Straße 22, Mitte, 13347 Berlin, Germany",7.8,1169,9.2,"Booking is safeManage your bookings onlineThe staff speaks English","Parking,Free WiFi,Family rooms,Non-smoking rooms,24-hour front desk,Bar,Outdoor furniture,Sun deck,Garden,Ping-pong,Coffee house on site,Kid-friendly buffet,Special diet meals (on request),Bar,Street parking,Secure parking,Baggage storage,Tour desk,Express check-in/out,24-hour front desk,Invoice provided,Board games/Puzzles,Fire extinguishers,CCTV outside property,CCTV in common areas,Smoke alarms,Security alarm,Key card access,Key access,Safe,Designated smoking area,Smoke-free property,Heating,Family rooms,Non-smoking rooms,German,English,Spanish,Italian,Russian,",7.3,8.4,7.6,8.5,8,8.3,"2022-06-22 18:34:37"
280,https://www.booking.com/hotel/de/b-b-stuttgart-city.html?aid=304142&label=gen173nr-1DCAso7AFCE21pbGxlbm5pdW0tYnJvYWR3YXlIM1gEaLUBiAEBmAExuAEXyAEM2AED6AEB-AECiAIBqAIDuAKcpPaUBsACAdICJGZhMzU0ZDY4LWY5ZjItNDc3Yi1hNTkzLTRiMTcxZjhkZThkOdgCBOACAQ&sid=4633db7cb631560c7cecd843a687be00&dest_id=241644;dest_type=hotel;dist=0;group_adults=2;group_children=0;hapos=1;hpos=1;no_rooms=1;req_adults=2;req_children=0;room1=A%2CA;sb_price_type=total;sr_order=popularity;srepoch=1654788864;srpvid=cb806d7fc79f0364;type=total;ucfs=1&#hotelTmpl,"B&B Hotel Stuttgart-City",3,website,,"This non-smoking hotel is located in the Feuerbach district, north of central Stuttgart. It offers modern rooms with free Wi-Fi internet. On-site parking is free.The soundproofed rooms of the B&B Hotel Stuttgart-City feature air conditioning, satellite TV, a work desk and a private bathroom.A breakfast buffet is available each morning at the Stuttgart B&B Hotel. A drink and snack machine is available 24 hours a day.The B&B Stuttgart City is a short walk from Maybachstraße subway station and Feuerbach City train station. Stuttgart Main Station is a 6 minute train ride away. ","Siemensstr. 58, 70469 Stuttgart, Germany",8,1148,8.5,"Booking is safeManage your bookings onlineThe staff speaks English","Parking,Free WiFi,Pet friendly,Family rooms,Non-smoking rooms,Heating,Vending machine (snacks),Vending machine (drinks),Express check-in/out,Air conditioning,Heating,Soundproof rooms,Elevator,Family rooms,Non-smoking rooms,German,English,",7.9,8.4,8.1,8.5,7.9,8.5,"2022-06-22 18:34:43"
281,https://www.booking.com/hotel/de/days-inn-berlin-west.html?aid=304142&label=gen173nr-1DCAso7AFCE21pbGxlbm5pdW0tYnJvYWR3YXlIM1gEaLUBiAEBmAExuAEXyAEM2AED6AEB-AECiAIBqAIDuAKcpPaUBsACAdICJGZhMzU0ZDY4LWY5ZjItNDc3Yi1hNTkzLTRiMTcxZjhkZThkOdgCBOACAQ&sid=4633db7cb631560c7cecd843a687be00&dest_id=66925;dest_type=hotel;dist=0;group_adults=2;group_children=0;hapos=1;hpos=1;no_rooms=1;req_adults=2;req_children=0;room1=A%2CA;sb_price_type=total;sr_order=popularity;srepoch=1654788595;srpvid=b7cb6cf9f67201ce;type=total;ucfs=1&#hotelTmpl,"Good Morning Berlin City West",2,website,,"This hotel offers soundproofed rooms with flat-screen TV and a 24-hour reception. It is located on a quiet side street.The modern rooms at the Good Morning Berlin City West include a double bed, desk and a private bathroom with hairdryer. Wi-Fi internet access is available.A German-style breakfast buffet is served each morning. Good Morning Berlin City West also has a lobby lounge with a large TV. Restaurants, cafés and shops are within walking distance.Kurt-Schumacher-Platz bus and underground stop is 1,950 feet from the hotel. Services run to the Friedrichstraße shopping street and the Unter den Linden Boulevard in 20 minutes. ","Kögelstr. 12-13, Reinickendorf, 13403 Berlin, Germany",6.8,1243,8.4,"Booking is safeManage your bookings onlineThe staff speaks English","Parking,Free WiFi,Pet friendly,Non-smoking rooms,24-hour front desk,Elevator,Street parking,Daily housekeeping,Vending machine (snacks),Vending machine (drinks),Baggage storage,Fax/Photocopying,24-hour front desk,Invoice provided,Fire extinguishers,Smoke alarms,Smoke-free property,Heating,Elevator,Non-smoking rooms,German,English,",6.6,7.2,6.9,7.2,7.6,6.9,"2022-06-22 18:34:45"
282,https://www.booking.com/hotel/de/kempinskibristolberlin.html?aid=304142&label=gen173nr-1DCAso7AFCE21pbGxlbm5pdW0tYnJvYWR3YXlIM1gEaLUBiAEBmAExuAEXyAEM2AED6AEB-AECiAIBqAIDuAKcpPaUBsACAdICJGZhMzU0ZDY4LWY5ZjItNDc3Yi1hNTkzLTRiMTcxZjhkZThkOdgCBOACAQ&sid=4633db7cb631560c7cecd843a687be00&dest_id=60664;dest_type=hotel;dist=0;group_adults=2;group_children=0;hapos=1;hpos=1;no_rooms=1;req_adults=2;req_children=0;room1=A%2CA;sb_price_type=total;sr_order=popularity;srepoch=1654789466;srpvid=13376eac86920057;type=total;ucfs=1&#hotelTmpl,"Hotel Bristol Berlin",5,website,"Airport shuttle","You're eligible for a Genius discount at Hotel Bristol Berlin! To save at this property, all you have to do is .Hotel Bristol Berlin is a vibrant, legendary hotel located directly on the famous Kurfürstendamm boulevard, opening its doors in 1952. The hotel offers complimentary WiFi throughout the premises and there is a nearby underground parking garage.The hotel's rooms and suites are spread across several main floors plus an 11-story tower. All rooms are a stylistic mix of classic and modern with tiltable and soundproof windows. The hotel is now 100% nonsmoking.The wellness area in Roman-Greek style has a heated 50 feet pool, sauna, infrared cabin and steam room with a cold water plunge pool.Enjoy the best seasonal martinis at the Bristol Bar, or cozy up at the Bristol Café. And you will still have legendary Crêpes Suzettes flambéed at your table at the well-loved Bristol Grill, which serves traditional German-French cuisine with the occasional modern twist.Nearby attractions include the Kaiser Wilhelm Memorial Church, Savigny Square, Theater des Westens, the BIKINI Berlin concept mall and The Story of Berlin interactive museum. Attractions for families includes the nearby zoo and aquarium, and the Tiergarten, Berlin's largest park, is just a 10-minute walk from the Hotel Bristol Berlin. ","Kurfürstendamm 27, Charlottenburg-Wilmersdorf, 10719 Berlin, Germany",8,3248,8.7,"Booking is safeManage your bookings onlineThe staff speaks English","1 swimming pool,Parking,Free WiFi,Spa,Family rooms,Pet friendly,Bar,Outdoor furniture,Terrace,Cooking class,Bike tours,Walking tours,Coffee house on site,Fruit,Wine/Champagne,Kids' meals,Special diet meals (on request),Breakfast in the room,Bar,Restaurant,Parking garage,Airport drop-off,Airport pickup,Public transit tickets,Invoice provided,Private check-in/out,Concierge,ATM on site,Baggage storage,Tour desk,Currency exchange,Express check-in/out,24-hour front desk,Babysitting/Child services,Daily housekeeping,Suit press,Dry cleaning,Laundry,Fax/Photocopying,Business center,Meeting/Banquet facilities,Fire extinguishers,CCTV outside property,CCTV in common areas,Smoke alarms,Security alarm,Key card access,Safe,Pet bowls,Grocery deliveries,Airport shuttle (additional charge),Designated smoking area,Air conditioning,Smoke-free property,Heating,Car rental,Packed lunches,Soundproof rooms,Elevator,Family rooms,Non-smoking rooms,Room service,Locker rooms,Fitness,Spa lounge/Relaxation area,Steam room,Spa facilities,Turkish/Steam Bath,Spa,Fitness center,Sauna,German,English,Spanish,French,",7.6,8.3,8.3,7.8,9.4,8.6,"2022-06-22 18:34:46"
283,https://www.booking.com/hotel/de/nhfrankfurtniederrad.html?aid=304142&label=gen173nr-1DCAso7AFCE21pbGxlbm5pdW0tYnJvYWR3YXlIM1gEaLUBiAEBmAExuAEXyAEM2AED6AEB-AECiAIBqAIDuAKcpPaUBsACAdICJGZhMzU0ZDY4LWY5ZjItNDc3Yi1hNTkzLTRiMTcxZjhkZThkOdgCBOACAQ&sid=4633db7cb631560c7cecd843a687be00&dest_id=60589;dest_type=hotel;dist=0;group_adults=2;group_children=0;hapos=1;hpos=1;no_rooms=1;req_adults=2;req_children=0;room1=A%2CA;sb_price_type=total;sr_order=popularity;srepoch=1654788544;srpvid=427b6cdfb6b10256;type=total;ucfs=1&#hotelTmpl,"NH Frankfurt Niederrad",4,website,,"You're eligible for a Genius discount at NH Frankfurt Niederrad! To save at this property, all you have to do is .Offering spacious rooms and international cuisine, this hotel is located in the Niederrad district of Frankfurt. Frankfurt Central Station is 1 stop away by S-Bahn Train. Free WiFi is available in all public areas and in the rooms at the 4-star NH Frankfurt Niederrad.Rooms include soundproofed windows, a mini-bar and satellite TV. Mediterranean meals and Frankfurt specialties are served in NH's restaurant and on the terrace.The elegant bar offers cocktails, international wines, local Apfelwein cider and beer made from local berries.Within a 2-minute walk are 2 supermarkets. Haardtwaldplatz Tram Stop is a 7-minute walk away, and Niederrad Train Station is a 10-minute walk away. Drivers are just 2 minutes from the A5 motorway. ","Lyoner Straße 5, Niederrad, 60528 Frankfurt, Germany",8.2,2248,8.9,"Booking is safeManage your bookings onlineThe staff speaks English","Parking,Free WiFi,Pet friendly,Non-smoking rooms,Restaurant,24-hour front desk,Tea/Coffee Maker in All Rooms,Bar,Outdoor furniture,Terrace,Golf course (within 2 miles),Fruit,Wine/Champagne,Kid-friendly buffet,Kids' meals,Special diet meals (on request),Snack bar,Breakfast in the room,Bar,Restaurant,Accessible parking,Parking garage,Invoice provided,Private check-in/out,Baggage storage,Express check-in/out,24-hour front desk,Daily housekeeping,Ironing service,Dry cleaning,Laundry,Fax/Photocopying,Meeting/Banquet facilities,Fire extinguishers,CCTV in common areas,Smoke alarms,Security alarm,Key card access,Safe,Convenience store on site,Shared lounge/TV area,Air conditioning,Smoke-free property,Hypoallergenic room available,Heating,Packed lunches,Soundproof rooms,Elevator,Non-smoking rooms,Room service,German,English,",8.2,8.7,8.5,8.6,8,7.9,"2022-06-22 18:35:03"
284,https://www.booking.com/hotel/de/victors-residenz-hotels-berlin-tegel.html?aid=304142&label=gen173nr-1DCAso7AFCE21pbGxlbm5pdW0tYnJvYWR3YXlIM1gEaLUBiAEBmAExuAEXyAEM2AED6AEB-AECiAIBqAIDuAKcpPaUBsACAdICJGZhMzU0ZDY4LWY5ZjItNDc3Yi1hNTkzLTRiMTcxZjhkZThkOdgCBOACAQ&sid=4633db7cb631560c7cecd843a687be00&dest_id=61271;dest_type=hotel;dist=0;group_adults=2;group_children=0;hapos=1;hpos=1;no_rooms=1;req_adults=2;req_children=0;room1=A%2CA;sb_price_type=total;sr_order=popularity;srepoch=1654788689;srpvid=a55c6d2852010a71;type=total;ucfs=1&#hotelTmpl,"Victor's Residenz-Hotel Berlin Tegel",3,website,,"In Berlin’s Reinickendorf district, this modern 3-star superior hotel is close to the A111 highway and public transportation, providing easy access to Tegel Airport and countless famous attractions.Victor's Residenz Hotel Berlin Tegel is a short walk from the Franz-Neumann-Platz Underground Station. From here, you will enjoy a fast link to all of the city’s most popular sights. These include the Alexanderplatz square, the Brandenburg Gate and the Museum Island.Guests at Victor's Residenz Hotel Berlin Tegel will have comfortably furnished rooms and free Wi-Fi. The friendly hotel staff will gladly help you with sightseeing advice and area information.Victor's Bar at Victors Residenz is an ideal place to relax with a refreshing drink after an exciting sightseeing trip, or a busy day at work. ","Holländerstr. 31, Reinickendorf, 13407 Berlin, Germany",7.6,1188,8.4,"Booking is safeManage your bookings onlineThe staff speaks English","Parking,Free WiFi,Pet friendly,Non-smoking rooms,24-hour front desk,Terrace,Bar,Sun deck,Terrace,Cycling,Snack bar,Bar,Accessible parking,Parking garage,Lockers,Baggage storage,Tour desk,Express check-in/out,24-hour front desk,Babysitting/Child services,Daily housekeeping,Ironing service,Dry cleaning,Laundry,Fax/Photocopying,Fire extinguishers,Smoke alarms,Key card access,Safe,Pet bowls,Vending machine (snacks),Vending machine (drinks),Smoke-free property,Heating,Packed lunches,Soundproof rooms,Elevator,Non-smoking rooms,German,English,French,Dutch,Russian,Turkish,",7.6,8.1,7.8,7.7,7.6,8.0,"2022-06-22 18:35:12"
285,https://www.booking.com/hotel/de/frankfurt-congress.html?aid=304142&label=gen173nr-1DCAso7AFCE21pbGxlbm5pdW0tYnJvYWR3YXlIM1gEaLUBiAEBmAExuAEXyAEM2AED6AEB-AECiAIBqAIDuAKcpPaUBsACAdICJGZhMzU0ZDY4LWY5ZjItNDc3Yi1hNTkzLTRiMTcxZjhkZThkOdgCBOACAQ&sid=4633db7cb631560c7cecd843a687be00&dest_id=60971;dest_type=hotel;dist=0;group_adults=2;group_children=0;hapos=1;hpos=1;no_rooms=1;req_adults=2;req_children=0;room1=A%2CA;sb_price_type=total;sr_order=popularity;srepoch=1654788427;srpvid=ce416ca5a71002ca;type=total;ucfs=1&#hotelTmpl,"Crowne Plaza Frankfurt Congress Hotel, an IHG Hotel",4,website,,"Offering 2 restaurants, Crowne Plaza Frankfurt Congress Hotel is 650 feet from the 18-hole Frankfurt Golf Club. Frankfurt Airport is a 10-minute drive away.The air-conditioned rooms and suites feature soundproofed windows, broadband internet, and telephone.A sauna, steam room, and modern gym are located in the wellness area.German and international food is served in the hotel restaurants. During summer, guests can relax on the terrace overlooking the forest. The hotel bar offers a selection of cocktails and snacks.Guests can use the lounge with free WiFi, internet work stations, and a big flat-screen TV.The Niederrad S-Bahn (city rail) station is 0.6 mi from the Hotel. Trains run to Frankfurt Central Station in 5 minutes. ","Lyoner Strasse 44 -48, Niederrad, 60528 Frankfurt, Germany",8.1,2922,8.7,"Booking is safeManage your bookings onlineThe staff speaks English","1 swimming pool,Parking,Free WiFi,Pet friendly,Family rooms,Bar,Sun deck,Terrace,Garden,Live sports events (broadcast),Horseback riding,Cycling,Hiking,Golf course (within 2 miles),Coffee house on site,Wine/Champagne,Special diet meals (on request),Snack bar,Breakfast in the room,Bar,Restaurant,Accessible parking,Parking garage,Baggage storage,Express check-in/out,24-hour front desk,Daily housekeeping,Suit press,Ironing service,Dry cleaning,Laundry,Fax/Photocopying,Business center,Meeting/Banquet facilities,Fire extinguishers,CCTV outside property,CCTV in common areas,Smoke alarms,Security alarm,Key card access,24-hour security,Safe,Pet bowls,Pet basket,Convenience store on site,Air conditioning,Smoke-free property,Hypoallergenic room available,Heating,Packed lunches,Elevator,Family rooms,Facilities for disabled guests,Non-smoking rooms,Room service,Open all year,All ages welcome,Pool/Beach towels,Beach chairs/Loungers,Heated pool,Locker rooms,Fitness,Spa lounge/Relaxation area,Steam room,Beach chairs/Loungers,Pool/Beach towels,Fitness center,Sauna,Arabic,German,Greek,English,Spanish,French,Italian,Polish,Portuguese,Romanian,Russian,Turkish,Vietnamese,",8.3,8.6,8.5,8.5,7.9,8.2,"2022-06-22 18:35:20"
286,https://www.booking.com/hotel/de/motel-one-stuttgart.html?aid=304142&label=gen173nr-1DCAso7AFCE21pbGxlbm5pdW0tYnJvYWR3YXlIM1gEaLUBiAEBmAExuAEXyAEM2AED6AEB-AECiAIBqAIDuAKcpPaUBsACAdICJGZhMzU0ZDY4LWY5ZjItNDc3Yi1hNTkzLTRiMTcxZjhkZThkOdgCBOACAQ&sid=4633db7cb631560c7cecd843a687be00&dist=0;group_adults=2;group_children=0;hapos=1;hpos=1;no_rooms=1;req_adults=2;req_children=0;room1=A%2CA;sb_price_type=total;sr_order=distance_from_search;srepoch=1654788919;srpvid=29db6d9bcd9f00c6;type=total;ucfs=1&#hotelTmpl,"Motel One Stuttgart",3,website,,"Motel One Stuttgart is a 5-minute drive from the center of Stuttgart and features free Wi-Fi and a 24-hour front desk. Stuttgart-Feuerbach Train Station is a 10-minute walk away, and all rooms are soundproof.The air-conditioned rooms at Stuttgart Motel One include an LCD TV and work desk. Private bathrooms are featured in each room.A buffet breakfast is served in the breakfast room, and guests can relax with a drink in the lounge.Feuerbach Train Station provides connections to Stuttgart Main Station. ","Heilbronner Straße 325, 70469 Stuttgart, Germany",8.3,1080,9,"Booking is safeManage your bookings onlineThe staff speaks English","Parking,Free WiFi,Pet friendly,Non-smoking rooms,24-hour front desk,Terrace,Bar,Terrace,Coffee house on site,Snack bar,Bar,Parking garage,Baggage storage,Express check-in/out,24-hour front desk,CCTV in common areas,Smoke alarms,Smoke-free property,Hypoallergenic room available,Heating,Soundproof rooms,Elevator,Non-smoking rooms,German,English,",8.2,8.8,8.5,8.4,8,8.6,"2022-06-22 18:35:24"
287,https://www.booking.com/hotel/de/the-niu-form.html?aid=304142&label=gen173nr-1DCAso7AFCE21pbGxlbm5pdW0tYnJvYWR3YXlIM1gEaLUBiAEBmAExuAEXyAEM2AED6AEB-AECiAIBqAIDuAKcpPaUBsACAdICJGZhMzU0ZDY4LWY5ZjItNDc3Yi1hNTkzLTRiMTcxZjhkZThkOdgCBOACAQ&sid=4633db7cb631560c7cecd843a687be00&dest_id=6352747;dest_type=hotel;dist=0;group_adults=2;group_children=0;hapos=1;hpos=1;no_rooms=1;req_adults=2;req_children=0;room1=A%2CA;sb_price_type=total;sr_order=popularity;srepoch=1654789015;srpvid=9fc26dca4cc300e8;type=total;ucfs=1&#hotelTmpl,"the niu Form",3,website,,"You're eligible for a Genius discount at the niu Form! To save at this property, all you have to do is .Located in Stuttgart, 2.4 miles from Canstatter Wasen, the niu Form has accommodations with a bar and private parking. Among the facilities at this property are a 24-hour front desk and luggage storage space, along with free WiFi throughout the property. Messe Stuttgart is 11 miles from the hotel and Theaterhaus Stuttgart is a 3-minute walk away.The rooms are equipped with air conditioning and a flat-screen TV, and some rooms at the hotel have a safety deposit box. All rooms feature a private bathroom, a hairdryer and bed linen.A buffet breakfast is available every morning at the niu Form.State Theater is 2.6 miles from the accommodation, while Porsche-Arena is 2.8 miles from the property. The nearest airport is Stuttgart Airport, 11 miles from the niu Form. ","50 Leitzstraße, 70469 Stuttgart, Germany",8.1,2157,8.3,"Booking is safeManage your bookings onlineThe staff speaks English","Parking,Free WiFi,Pet friendly,Non-smoking rooms,Facilities for disabled guests,24-hour front desk,Bar,Wine/Champagne,Kid-friendly buffet,Bar,Accessible parking,Parking garage,Daily housekeeping,Vending machine (snacks),Vending machine (drinks),Baggage storage,24-hour front desk,Invoice provided,Fire extinguishers,Smoke alarms,Security alarm,Key card access,Safe,Air conditioning,Smoke-free property,Hypoallergenic room available,Heating,Soundproof rooms,Elevator,Facilities for disabled guests,Non-smoking rooms,Lowered sink,Toilet with grab rails,Wheelchair accessible,German,English,",8.3,8.6,8.5,8.7,8.1,8.5,"2022-06-22 18:35:29"
288,https://www.booking.com/hotel/de/hotelqberlin.html?aid=304142&label=gen173nr-1DCAso7AFCE21pbGxlbm5pdW0tYnJvYWR3YXlIM1gEaLUBiAEBmAExuAEXyAEM2AED6AEB-AECiAIBqAIDuAKcpPaUBsACAdICJGZhMzU0ZDY4LWY5ZjItNDc3Yi1hNTkzLTRiMTcxZjhkZThkOdgCBOACAQ&sid=4633db7cb631560c7cecd843a687be00&dest_id=61743;dest_type=hotel;dist=0;group_adults=2;group_children=0;hapos=1;hpos=1;no_rooms=1;req_adults=2;req_children=0;room1=A%2CA;sb_price_type=total;sr_order=popularity;srepoch=1654789082;srpvid=f96c6dec6f700113;type=total;ucfs=1&#hotelTmpl,"Hotel Q! Berlin",4,website,,"You're eligible for a Genius discount at Hotel Q! Berlin! To save at this property, all you have to do is .Elegant rooms and studios with a unique design are offered at this design hotel, located on Berlin’s famous Kurfürstendamm shopping mile. Free Wi-Fi and a spa area are offered.The air-conditioned rooms and studios at the Hotel Q! Berlin feature a flat-screen TV and an iPod docking station. Newspapers are displayed every day, and a laptop is available for guests' use.Guests can relax in the modern spa area with Japanese wash zone, a Finnish sauna, steam room and a sand relaxation room with heated floor. A range of massages and cosmetic treatments can be booked on site.The Hotel Q!'s rich breakfast buffet is available each morning. Guests can enjoy healthy and contemporary Thai dishes in the restaurant, or relax with a cocktail at the fireplace in the stylish Fox Bar or else in the summer outside on the terrace or the green inner courtyard of the Fox Garden.Uhlandstrasse Underground Station and Savignyplatz S-Bahn Train Station are less than a 5-minute walk away. ","Knesebeckstr. 67, Charlottenburg-Wilmersdorf, 10623 Berlin, Germany",8.6,559,9.3,"Booking is safeManage your bookings onlineThe staff speaks English","Free WiFi,Pet friendly,Non-smoking rooms,Fitness center,24-hour front desk,Terrace,Terrace,Breakfast in the room,Public transit tickets,Lockers,Baggage storage,Tour desk,Currency exchange,24-hour front desk,Daily housekeeping,Ironing service,Dry cleaning,Laundry,Fax/Photocopying,Business center,Meeting/Banquet facilities,Fire extinguishers,CCTV outside property,CCTV in common areas,Smoke alarms,Key card access,Safe,Adults only,Air conditioning,Smoke-free property,Hypoallergenic room available,Heating,Car rental,Soundproof rooms,Elevator,Non-smoking rooms,Fitness,Full-body massage,Foot massage,Neck massage,Back massage,Spa lounge/Relaxation area,Steam room,Turkish/Steam Bath,Massage,Fitness center,German,English,",8.7,9.1,8.8,8.3,9.5,8.8,"2022-06-22 18:35:33"
289,https://www.booking.com/hotel/de/gastehaus-axel-springer.html?aid=304142&label=gen173nr-1DCAso7AFCE21pbGxlbm5pdW0tYnJvYWR3YXlIM1gEaLUBiAEBmAExuAEXyAEM2AED6AEB-AECiAIBqAIDuAKcpPaUBsACAdICJGZhMzU0ZDY4LWY5ZjItNDc3Yi1hNTkzLTRiMTcxZjhkZThkOdgCBOACAQ&sid=4633db7cb631560c7cecd843a687be00&dist=0;group_adults=2;group_children=0;hapos=1;hpos=1;no_rooms=1;req_adults=2;req_children=0;room1=A%2CA;sb_price_type=total;sr_order=distance_from_search;srepoch=1654788790;srpvid=005c6d5a52dc02dc;type=total;ucfs=1&#hotelTmpl,"Hotel Axel Springer",3,website,,"You're eligible for a Genius discount at Hotel Axel Springer! To save at this property, all you have to do is .Offering garden views, a garden and free WiFi, Hotel Axel Springer is located in Berlin, 2.5 mi from Natural History Museum and 3.1 mi from Brandenburg Gate.The bed and breakfast offers a flat-screen TV and a private bathroom with a hairdryer, free toiletries and shower.A continental breakfast is available every morning at Hotel Axel Springer.Memorial of the Berlin Wall is 3.7 mi from the accommodations, while Reichstag is 3.7 mi away. The nearest airport is Berlin Tegel Airport, 3.1 mi from Hotel Axel Springer. ","Föhrer Straße 14, Mitte, 13353 Berlin, Germany",8.2,559,8.8,"Booking is safeManage your bookings onlineThe staff speaks English","Free WiFi,Non-smoking rooms,Facilities for disabled guests,Elevator,Garden,Laundry,Toilet paper,Towels,Bathtub or shower,Private Bathroom,Toilet,Free toiletries,Hairdryer,Shower,Linens,Wardrobe or closet,Garden view,Garden,Cleaning products,Socket near the bed,Clothes rack,Desk,Flat-screen TV,Cable channels,Satellite channels,Radio,Telephone,TV,Wine/Champagne,Minibar,Public transit tickets,Invoice provided,Lockers,Baggage storage,Daily housekeeping,Ironing service,Laundry,Fax/Photocopying,Fire extinguishers,Smoke alarms,Key card access,Safe,Grocery deliveries,Hypoallergenic,Smoke-free property,Wake-up service,Hardwood or parquet floors,Heating,Elevator,Fan,Facilities for disabled guests,Non-smoking rooms,Wake-up service/Alarm clock,Upper floors accessible by elevator,Entire unit located on ground floor,German,English,",8.5,8.9,8.6,8.3,8.5,8.7,"2022-06-22 18:35:37"
290,https://www.booking.com/hotel/de/hampton-by-hilton-berlin-city-west.html?aid=304142&label=gen173nr-1DCAso7AFCE21pbGxlbm5pdW0tYnJvYWR3YXlIM1gEaLUBiAEBmAExuAEXyAEM2AED6AEB-AECiAIBqAIDuAKcpPaUBsACAdICJGZhMzU0ZDY4LWY5ZjItNDc3Yi1hNTkzLTRiMTcxZjhkZThkOdgCBOACAQ&sid=4633db7cb631560c7cecd843a687be00&dest_id=255305;dest_type=hotel;dist=0;group_adults=2;group_children=0;hapos=1;hpos=1;no_rooms=1;req_adults=2;req_children=0;room1=A%2CA;sb_price_type=total;sr_order=popularity;srepoch=1654789170;srpvid=10196e188b1f00e3;type=total;ucfs=1&#hotelTmpl,"Hampton by Hilton Berlin City West",3,website,,"Just a 5 minute walk from the Kurfürstendamm shopping street, this Hampton by Hilton hotel in Berlin's Charlottenburg district offers air-conditioned rooms, free Wi-Fi and free use of the modern gym.Every room at the Hampton by Hilton Berlin City West features a flat-screen TV, tea/coffee facilities, and a bathroom with glass shower. Many rooms have a terrace overlooking the city.A buffet breakfast is provided each morning at the Hampton Berlin. Hot drinks and light meals are available in the Hampton by Hilton’s 24-hour snack area.The Hilton Berlin City West’s 24-hour business area features a library, 3 internet terminals and a printer which can be used free of charge.Uhlandstraße Underground Station is just a quarter mile from the Hampton by Hilton. Trains run to the famous KaDeWe department store in 3 minutes. ","Uhlandstraße 188-189, Charlottenburg-Wilmersdorf, 10623 Berlin, Germany",8.4,5881,9.1,"Booking is safeManage your bookings onlineThe staff speaks English","Parking,Free WiFi,Family rooms,Non-smoking rooms,Fitness center,Facilities for disabled guests,Bar,Sun deck,Terrace,Cycling,Special diet meals (on request),Snack bar,Bar,Accessible parking,Electric vehicle charging station,Parking garage,Public transit tickets,Invoice provided,Baggage storage,Express check-in/out,24-hour front desk,Daily housekeeping,Ironing service,Dry cleaning,Laundry,Fax/Photocopying,Business center,Fire extinguishers,CCTV outside property,Smoke alarms,Security alarm,Key card access,Shuttle service (additional charge),Designated smoking area,Air conditioning,Smoke-free property,Heating,Packed lunches,Elevator,Family rooms,Facilities for disabled guests,Non-smoking rooms,Fitness,Fitness center,German,English,",8.4,8.9,8.6,8.6,9,8.6,"2022-06-22 18:35:45"
291,https://www.booking.com/hotel/de/berlin_lindenerkudamm.html?aid=304142&label=gen173nr-1DCAso7AFCE21pbGxlbm5pdW0tYnJvYWR3YXlIM1gEaLUBiAEBmAExuAEXyAEM2AED6AEB-AECiAIBqAIDuAKcpPaUBsACAdICJGZhMzU0ZDY4LWY5ZjItNDc3Yi1hNTkzLTRiMTcxZjhkZThkOdgCBOACAQ&sid=4633db7cb631560c7cecd843a687be00&dest_id=61070;dest_type=hotel;dist=0;group_adults=2;group_children=0;hapos=1;hpos=1;no_rooms=1;req_adults=2;req_children=0;room1=A%2CA;sb_price_type=total;sr_order=popularity;srepoch=1654789249;srpvid=ab316e4083030052;type=total;ucfs=1&#hotelTmpl,"Lindner Hotel Am Ku'damm - Berlin",4,website,,"Centrally located on the Kurfürstendamm shopping street, this stylish 4-star hotel in Berlin offers soundproofed rooms with a flat-screen TV and free internet.Each spacious room at the Lindner Hotel AM KU’DAMM Berlin includes a mini-bar and a safe. Free toiletries are provided in the private bathroom.Guests staying at the Lindner enjoy free use of the nearby Clever fit gym.A daily breakfast buffet is provided. Guests can also relax on the hotel terrace.Kurfürstendamm Underground Station is 1,000 feet away from the Lindner Berlin Ku’damm. The historic Gedächtniskirche Church is 1,300 feet away. ","Kurfürstendamm 24, Charlottenburg-Wilmersdorf, 10719 Berlin, Germany",8.5,2377,9.3,"Booking is safeManage your bookings onlineThe staff speaks English","Parking,Free WiFi,Family rooms,Pet friendly,Non-smoking rooms,Restaurant,Terrace,Garden,Fruit,Wine/Champagne,Restaurant,Electric vehicle charging station,Public transit tickets,Invoice provided,Baggage storage,Express check-in/out,24-hour front desk,Daily housekeeping,Dry cleaning,Laundry,Fax/Photocopying,Meeting/Banquet facilities,Fire extinguishers,CCTV outside property,CCTV in common areas,Smoke alarms,Key card access,Pet bowls,Shared lounge/TV area,Vending machine (snacks),Vending machine (drinks),Air conditioning,Smoke-free property,Hypoallergenic room available,Soundproof rooms,Elevator,Family rooms,Facilities for disabled guests,Non-smoking rooms,Fitness,German,English,Spanish,French,Dutch,Turkish,",8.4,8.8,8.6,8.4,9.6,8.9,"2022-06-22 18:35:50"
292,https://www.booking.com/hotel/de/topconcept.html?aid=304142&label=gen173nr-1DCAso7AFCE21pbGxlbm5pdW0tYnJvYWR3YXlIM1gEaLUBiAEBmAExuAEXyAEM2AED6AEB-AECiAIBqAIDuAKcpPaUBsACAdICJGZhMzU0ZDY4LWY5ZjItNDc3Yi1hNTkzLTRiMTcxZjhkZThkOdgCBOACAQ&sid=4633db7cb631560c7cecd843a687be00&dest_id=60030;dest_type=hotel;dist=0;group_adults=2;group_children=0;hapos=1;hpos=1;no_rooms=1;req_adults=2;req_children=0;room1=A%2CA;sb_price_type=total;sr_order=popularity;srepoch=1654789131;srpvid=e26e6e0545e301bb;type=total;ucfs=1&#hotelTmpl,"NH Berlin Kurfürstendamm",4,website,,"You're eligible for a Genius discount at NH Berlin Kurfürstendamm! To save at this property, all you have to do is .This 4-star hotel is 650 feet from Berlin's Kurfürstendamm shopping street, a 4-minute walk from Uhlandstraße Underground Station. It offers a 24-hour reception, free Wi-Fi, and modern rooms with a flat-screen TV.Rooms at the NH Berlin Kurfürstendamm are warmly decorated in brown and beige colors, and feature parquet floors. All rooms include air conditioning and a private bathroom.A full buffet is offered each morning in the bright and spacious breakfast lounge or on the outdoor terrace in summer.  Drinks and snacks are served 24 hours a day at the lobby bar.The spa and fitness area of the NH Kurfürstendamm is located on the 7th floor. It includes a sauna.NH Berlin Kurfürstendamm is a 5-minute walk from the stylish bars and restaurants around Savignyplatz Square. From here, there are direct S-Bahn trains to Berlin Main Station and Berlin’s ICC Exhibition Center. ","Grolmanstr. 41-43, Charlottenburg-Wilmersdorf, 10623 Berlin, Germany",8.1,3433,8.7,"Booking is safeManage your bookings onlineThe staff speaks English","Parking,Free WiFi,Family rooms,Pet friendly,Non-smoking rooms,Fitness center,Bar,Terrace,Garden,Breakfast in the room,Bar,Restaurant,Accessible parking,Parking garage,Public transit tickets,Invoice provided,Baggage storage,Express check-in/out,24-hour front desk,Daily housekeeping,Ironing service,Dry cleaning,Laundry,Fax/Photocopying,Meeting/Banquet facilities,Fire extinguishers,CCTV outside property,CCTV in common areas,Smoke alarms,Security alarm,Key card access,Safe,Vending machine (drinks),Air conditioning,Smoke-free property,Hypoallergenic room available,Heating,Packed lunches,Elevator,Family rooms,Facilities for disabled guests,Non-smoking rooms,Room service,Locker rooms,Fitness,Fitness center,Sauna,German,English,",8.1,8.4,8.4,8.3,9.2,8.1,"2022-06-22 18:35:55"
293,https://www.booking.com/hotel/de/stadthotel-am-romerturm.html?aid=304142&label=gen173nr-1DCAso7AFCE21pbGxlbm5pdW0tYnJvYWR3YXlIM1gEaLUBiAEBmAExuAEXyAEM2AED6AEB-AECiAIBqAIDuAKcpPaUBsACAdICJGZhMzU0ZDY4LWY5ZjItNDc3Yi1hNTkzLTRiMTcxZjhkZThkOdgCBOACAQ&sid=4633db7cb631560c7cecd843a687be00&dest_id=64752;dest_type=hotel;dist=0;group_adults=2;group_children=0;hapos=1;hpos=1;no_rooms=1;req_adults=2;req_children=0;room1=A%2CA;sb_price_type=total;sr_order=popularity;srepoch=1654789717;srpvid=5ac16f2aae9b015d;type=total;ucfs=1&#hotelTmpl,"Stadthotel am Römerturm",4,website,,"You're eligible for a Genius discount at Stadthotel am Römerturm! To save at this property, all you have to do is .This modern, 4-star hotel lies in the heart of Cologne, a 10-minute walk from Cologne Main Station and Cologne Cathedral. Stadthotel am Römerturm was newly refurbished in 2013 and offers a daily breakfast buffet.All rooms at the Stadthotel am Römerturm are air-conditioned, nonsmoking and feature WiFi, a TV and a private bathroom.The restaurant at the central hotel serves international cuisine and seasonal dishes.Cologne city center is just a 10-minute walk away and guests can reach Cologne Exhibition Grounds in less than 15 minutes by public transport.The Stadthotel am Römerturm is a 4-minute walk from Appelhofplatz underground station and parking spaces are available outside the hotel. ","St.-Apern-Str. 32, Altstadt-Nord, 50667 Cologne, Germany",8,1798,8.6,"Booking is safeManage your bookings onlineThe staff speaks English","Parking,Free WiFi,Pet friendly,Non-smoking rooms,Restaurant,Facilities for disabled guests,Bar,Sun deck,Terrace,Wine/Champagne,Kid-friendly buffet,Special diet meals (on request),Bar,Restaurant,Accessible parking,Electric vehicle charging station,Secure parking,Invoice provided,Private check-in/out,Concierge,Baggage storage,Express check-in/out,Daily housekeeping,Ironing service,Laundry,Fax/Photocopying,Business center,Meeting/Banquet facilities,Fire extinguishers,CCTV outside property,CCTV in common areas,Smoke alarms,Key card access,Safe,Pet bowls,Convenience store on site,Shared lounge/TV area,Designated smoking area,Air conditioning,Smoke-free property,Hypoallergenic room available,Heating,Packed lunches,Chapel/Shrine,Soundproof rooms,Elevator,Facilities for disabled guests,Non-smoking rooms,Room service,Bathroom emergency cord,Lowered sink,Raised toilet,Toilet with grab rails,Wheelchair accessible,German,English,Spanish,Russian,",7.9,8.4,8.1,7.8,9.1,8.9,"2022-06-22 18:36:01"
294,https://www.booking.com/hotel/de/california-am-kurfurstendamm.html?aid=304142&label=gen173nr-1DCAso7AFCE21pbGxlbm5pdW0tYnJvYWR3YXlIM1gEaLUBiAEBmAExuAEXyAEM2AED6AEB-AECiAIBqAIDuAKcpPaUBsACAdICJGZhMzU0ZDY4LWY5ZjItNDc3Yi1hNTkzLTRiMTcxZjhkZThkOdgCBOACAQ&sid=4633db7cb631560c7cecd843a687be00&dest_id=66283;dest_type=hotel;dist=0;group_adults=2;group_children=0;hapos=1;hpos=1;no_rooms=1;req_adults=2;req_children=0;room1=A%2CA;sb_price_type=total;sr_order=popularity;srepoch=1654789504;srpvid=25286ebfa778031f;type=total;ucfs=1&#hotelTmpl,"Leonardo Hotel Berlin KU'DAMM",4,website,,"You're eligible for a Genius discount at Leonardo Hotel Berlin KU'DAMM! To save at this property, all you have to do is .Hotel California is located in Berlin's elegant Charlottenburg district, a 2-minute walk from Uhlandstraße Underground Station. It features a terrace right on the Kurfürstendamm Boulevard.Set in a renovated building dating back from 1897, the 4-star hotel provides spacious rooms fitted with satellite TV and deluxe bathrooms. Some rooms open out onto balconies overlooking the inner courtyard as well as the Ku'Damm.The hotel has it's own Häagen-Dasz shops with a terrace, offering refreshing drinks and delicious ice cream directly at the Kurfürstendamm.Hotel California Kurfürstendamm 35 offers private parking and is a only a 10-minute walk from Zoologischer Garten Train Station. Direct buses from Uhlandstraße take less than 20 minutes to get to/from Tegel Airport. ","Kurfürstendamm 35, Charlottenburg-Wilmersdorf, 10719 Berlin, Germany",7.7,5230,8.3,"Booking is safeManage your bookings onlineThe staff speaks English","Free WiFi,Non-smoking rooms,Facilities for disabled guests,24-hour front desk,Terrace,Elevator,Sun deck,Terrace,Special diet meals (on request),Invoice provided,Baggage storage,Tour desk,24-hour front desk,Daily housekeeping,Dry cleaning,Laundry,Fire extinguishers,CCTV in common areas,Smoke alarms,Key card access,Safe,Vending machine (snacks),Vending machine (drinks),Designated smoking area,Air conditioning,Smoke-free property,Hypoallergenic room available,Heating,Packed lunches,Soundproof rooms,Elevator,Facilities for disabled guests,Non-smoking rooms,Toilet with grab rails,Wheelchair accessible,German,English,",7.5,8.2,8,8.1,9.3,7.1,"2022-06-22 18:36:10"
295,https://www.booking.com/hotel/de/motel-one-koln-neumarkt.html?aid=304142&label=gen173nr-1DCAso7AFCE21pbGxlbm5pdW0tYnJvYWR3YXlIM1gEaLUBiAEBmAExuAEXyAEM2AED6AEB-AECiAIBqAIDuAKcpPaUBsACAdICJGZhMzU0ZDY4LWY5ZjItNDc3Yi1hNTkzLTRiMTcxZjhkZThkOdgCBOACAQ&sid=4633db7cb631560c7cecd843a687be00&dest_id=3818124;dest_type=hotel;dist=0;group_adults=2;group_children=0;hapos=1;hpos=1;no_rooms=1;req_adults=2;req_children=0;room1=A%2CA;sb_price_type=total;sr_order=popularity;srepoch=1654789782;srpvid=2eef6f4afa1400fc;type=total;ucfs=1&#hotelTmpl,"Motel One Köln-Neumarkt",3,website,,"Located in Cologne and with Neumarkt Square reachable within a 7-minute walk, Motel One Köln-Neumarkt has express check-in and check-out, non-smoking rooms, a bar, free WiFi throughout the property and a shared lounge. Popular points of interest nearby include Cologne Cathedral, Museum Ludwig and Romano-Germanic Museum. The property provides a 24-hour front desk, and luggage storage for guests.All rooms at the hotel come with air conditioning, a seating area, a flat-screen TV with satellite channels, a safety deposit box and a private bathroom with a shower. At Motel One Köln-Neumarkt the rooms come with bed linen and towels.Continental and buffet breakfast options are available every morning at the accommodation.Popular points of interest near Motel One Köln-Neumarkt include Theater am Dom, National Socialism Documentation Center and Saint Gereon's Basilica. The nearest airport is Cologne Bonn Airport, 10 miles from the hotel. ","32 Cäcilienstraße, Altstadt-Nord, 50667 Cologne, Germany",8.7,3814,9.3,"Booking is safeManage your bookings onlineThe staff speaks English","Free WiFi,Pet friendly,Non-smoking rooms,24-hour front desk,Bar,Heating,Bar,Daily housekeeping,Shared lounge/TV area,Baggage storage,Express check-in/out,24-hour front desk,Fire extinguishers,CCTV in common areas,Smoke alarms,Key card access,Smoke-free property,Heating,Soundproof rooms,Elevator,Non-smoking rooms,German,English,",8.6,9.1,8.9,8.5,9.5,8.6,"2022-06-22 18:36:13"
296,https://www.booking.com/hotel/de/pullman-cologne.html?aid=304142&label=gen173nr-1DCAso7AFCE21pbGxlbm5pdW0tYnJvYWR3YXlIM1gEaLUBiAEBmAExuAEXyAEM2AED6AEB-AECiAIBqAIDuAKcpPaUBsACAdICJGZhMzU0ZDY4LWY5ZjItNDc3Yi1hNTkzLTRiMTcxZjhkZThkOdgCBOACAQ&sid=4633db7cb631560c7cecd843a687be00&dest_id=61336;dest_type=hotel;dist=0;group_adults=2;group_children=0;hapos=1;hpos=1;no_rooms=1;req_adults=2;req_children=0;room1=A%2CA;sb_price_type=total;sr_order=popularity;srepoch=1654789589;srpvid=f2836eea44eb0083;type=total;ucfs=1&#hotelTmpl,"Pullman Cologne",4,website,,"This 4-star superior hotel offers quiet rooms in Cologne’s shopping district, a 10-minute walk from Cologne Cathedral.  The Pullman Cologne offers a luxury spa and spacious rooms with modern design.The elegant rooms at the Hotel Pullman Cologne include air conditioning, a flat-screen TV and a modern bathroom with a bath and shower. High-speed internet is available for a daily charge, and WiFi is provided free of charge in public areas.Guests at the Pullman are welcome to relax in the brasserie e.l.f. with summer terrace. LAB12 is the in-house bar inspired by perfume here in Cologne, the city of fragrances, and it serves aromatic drinks.The spa includes a sauna, a steam room, a gym, and massage treatments are also available.Underground parking is available at the Pullman Hotel Cologne. It is 1,300 feet from Friesenplatz Underground Station, just 2 stops from Cologne Main Station. ","Helenenstr. 14, Altstadt-Nord, 50667 Cologne, Germany",8.4,2112,8.8,"Booking is safeManage your bookings onlineThe staff speaks English","Parking,Free WiFi,Pet friendly,Non-smoking rooms,Restaurant,Tea/Coffee Maker in All Rooms,Bar,Sun deck,Terrace,Special diet meals (on request),Breakfast in the room,Bar,Restaurant,Accessible parking,Electric vehicle charging station,Parking garage,Invoice provided,Baggage storage,Currency exchange,24-hour front desk,Ironing service,Dry cleaning,Laundry,Fax/Photocopying,Meeting/Banquet facilities,Fire extinguishers,Smoke alarms,Security alarm,Key card access,Safe,Pet bowls,Adults only,Designated smoking area,Air conditioning,Smoke-free property,Hypoallergenic room available,Heating,Packed lunches,Elevator,Facilities for disabled guests,Non-smoking rooms,Room service,Fitness,Fitness center,Sauna,German,English,Spanish,French,Italian,Dutch,",8.5,8.8,8.7,7.9,9,8.2,"2022-06-22 18:36:19"
297,https://www.booking.com/hotel/de/scandic-frankfurt-museumsufer.html?aid=304142&label=gen173nr-1DCAso7AFCE21pbGxlbm5pdW0tYnJvYWR3YXlIM1gEaLUBiAEBmAExuAEXyAEM2AED6AEB-AECiAIBqAIDuAKcpPaUBsACAdICJGZhMzU0ZDY4LWY5ZjItNDc3Yi1hNTkzLTRiMTcxZjhkZThkOdgCBOACAQ&sid=4633db7cb631560c7cecd843a687be00&dist=0;group_adults=2;group_children=0;hapos=1;hpos=1;no_rooms=1;req_adults=2;req_children=0;room1=A%2CA;sb_price_type=total;sr_order=distance_from_search;srepoch=1654790084;srpvid=dc4f6fe1476500b9;type=total;ucfs=1&#hotelTmpl,"Scandic Frankfurt Museumsufer",4,website,,"You're eligible for a Genius discount at Scandic Frankfurt Museumsufer! To save at this property, all you have to do is .This eco-friendly hotel is located 1,950 feet away from the main train station and the Museumsufer in the center of Frankfurt am Main.The Scandic Frankfurt Museumsufer features a modern design and free WiFi. The spacious rooms at the hotel offer a flat-screen TV, a refrigerator, an air-conditioning system and a coffee maker. Every room has wooden floors and a modern bathroom with bath or shower. A number of rooms is also suitable for guests with limited mobility.The restaurant serves a buffet breakfast with organic, gluten-free and lactose-free options. The gym offers state-of-the-art equipment, and the nearby banks of the river Main are ideal for jogging. (Due to the current situation the restaurant will be closed until end of May)A public parking garage with a daily surcharge offers direct access to Scandic Frankfurt Museumsufer. Regular bus, S-Bahn, underground and long-distance train services are available at the main train station, just 5 minutes walking distance from the hotel. ","Wilhelm-Leuschner-Strasse 44, Bahnhofsviertel, 60329 Frankfurt, Germany",8.6,6231,8.9,"Booking is safeManage your bookings onlineThe staff speaks English","Parking,Free WiFi,Pet friendly,Non-smoking rooms,Restaurant,Tea/Coffee Maker in All Rooms,Bar,Outdoor furniture,Sun deck,Terrace,Wine/Champagne,Kid-friendly buffet,Kids' meals,Special diet meals (on request),Snack bar,Bar,Restaurant,Accessible parking,Parking garage,Invoice provided,Baggage storage,Express check-in/out,24-hour front desk,Daily housekeeping,Ironing service,Dry cleaning,Laundry,Fax/Photocopying,Meeting/Banquet facilities,Fire extinguishers,Smoke alarms,Security alarm,Key card access,Safe,Pet bowls,Pet basket,Convenience store on site,Designated smoking area,Air conditioning,Smoke-free property,Hypoallergenic room available,Heating,Packed lunches,Elevator,Facilities for disabled guests,Non-smoking rooms,Toilet with grab rails,Wheelchair accessible,Fitness,Fitness center,Arabic,German,English,Spanish,Russian,",8.7,8.7,8.8,8.4,9.1,8.9,"2022-06-22 18:36:24"
298,https://www.booking.com/hotel/de/roomers.html?aid=304142&label=gen173nr-1DCAso7AFCE21pbGxlbm5pdW0tYnJvYWR3YXlIM1gEaLUBiAEBmAExuAEXyAEM2AED6AEB-AECiAIBqAIDuAKcpPaUBsACAdICJGZhMzU0ZDY4LWY5ZjItNDc3Yi1hNTkzLTRiMTcxZjhkZThkOdgCBOACAQ&sid=4633db7cb631560c7cecd843a687be00&dist=0;group_adults=2;group_children=0;hapos=1;hpos=1;no_rooms=1;req_adults=2;req_children=0;room1=A%2CA;sb_price_type=total;sr_order=distance_from_search;srepoch=1654790028;srpvid=d7226fc5e5f402fb;type=total;ucfs=1&#hotelTmpl,Roomers,5,website,,"Less than 5 minutes’ walk from Frankfurt Central Station and the River Main, Roomers offers elegant rooms and free WiFi throughout the property. Guests have access to a modern, top-floor spa and an international restaurant.The Roomer’s stylish rooms feature dark wooden furniture and warm color schemes. All include a marble bathroom, a Bluetooth sound box, and flat-screen TV with Sky channels.Overlooking Frankfurt’s skyline, the Roomers’s spa has a designer sauna, a steam bath, a whirlpool and a well-equipped fitness area, and a roof terrace and sky lounge are available as well. Massages and cosmetic treatments can also be booked.The daily buffet breakfast includes international classics and specialties from the Levante region. The hotel restaurant serves international dishes with a focus on grills, and drinks are offered at the award-winning Roomers Bar (smoking bar). A candy bar is featured as well. In summer, drinks and meals are served on the terrace. ","Gutleutstr. 85, 60329 Frankfurt, Germany",8.5,1158,9,"Booking is safeManage your bookings onlineThe staff speaks English","Parking,Free WiFi,Spa,Pet friendly,Family rooms,Non-smoking rooms,Bar,Outdoor furniture,Sun deck,Terrace,Garden,Nightclub/DJ,Fruit,Wine/Champagne,Breakfast in the room,Bar,Restaurant,Electric vehicle charging station,Parking garage,Secure parking,Concierge,Baggage storage,Tour desk,Express check-in/out,24-hour front desk,Daily housekeeping,Ironing service,Dry cleaning,Laundry,Meeting/Banquet facilities,Fire extinguishers,CCTV outside property,CCTV in common areas,Smoke alarms,Security alarm,Key card access,Safe,Pet bowls,Pet basket,Designated smoking area,Air conditioning,Hypoallergenic room available,Heating,Soundproof rooms,Elevator,Family rooms,Non-smoking rooms,Room service,Locker rooms,Fitness,Massage chair,Full-body massage,Couples' massage,Back massage,Spa/Wellness packages,Spa lounge/Relaxation area,Steam room,Turkish/Steam Bath,Hot tub/Jacuzzi,Massage,Spa,Fitness center,Sauna,German,English,",8.8,8.8,8.9,7.7,8.6,9.0,"2022-06-22 18:36:28"
299,https://www.booking.com/hotel/de/25hours-the-circle.html?aid=304142&label=gen173nr-1DCAso7AFCE21pbGxlbm5pdW0tYnJvYWR3YXlIM1gEaLUBiAEBmAExuAEXyAEM2AED6AEB-AECiAIBqAIDuAKcpPaUBsACAdICJGZhMzU0ZDY4LWY5ZjItNDc3Yi1hNTkzLTRiMTcxZjhkZThkOdgCBOACAQ&sid=4633db7cb631560c7cecd843a687be00&dest_id=3130258;dest_type=hotel;dist=0;group_adults=2;group_children=0;hapos=1;hpos=1;no_rooms=1;req_adults=2;req_children=0;room1=A%2CA;sb_price_type=total;sr_order=popularity;srepoch=1654789543;srpvid=b1496ed3d02c0544;type=total;ucfs=1&#hotelTmpl,"25hours Hotel The Circle",4,website,,"Featuring a bar, 25hours Hotel The Circle is located in Cologne in the Nordrhein-Westfalen region, an 8-minute walk from National Socialism Documentation Center and half a mile from Saint Gereon's Basilica. Among the facilities of this property are a restaurant, a 24-hour front desk and a concierge service, along with free WiFi throughout the property. The hotel features family rooms.The hotel will provide guests with air-conditioned rooms offering a desk, a safety deposit box, a flat-screen TV and a private bathroom with a shower. Guest rooms in 25hours Hotel The Circle are equipped with a hairdryer and an iPod docking station.The accommodation offers a buffet or American breakfast.25hours Hotel The Circle has a sun terrace.Popular points of interest near the hotel include Cologne Cathedral, Theater am Dom and Museum Ludwig. The nearest airport is Cologne Bonn Airport, 11 miles from 25hours Hotel The Circle. ","Im Klapperhof 22-24, Altstadt-Nord, 50670 Cologne, Germany",8.7,3289,9.1,"Booking is safeManage your bookings onlineThe staff speaks English","Parking,Free WiFi,Pet friendly,Family rooms,Non-smoking rooms,Restaurant,Bar,Outdoor furniture,Sun deck,Evening entertainment,Coffee house on site,Fruit,Wine/Champagne,Snack bar,Bar,Restaurant,Parking garage,Private check-in/out,Concierge,Baggage storage,24-hour front desk,Board games/Puzzles,Daily housekeeping,Fax/Photocopying,Meeting/Banquet facilities,Fire extinguishers,CCTV outside property,CCTV in common areas,Smoke alarms,Security alarm,Key card access,Key access,Pet bowls,Convenience store on site,Air conditioning,Smoke-free property,Hypoallergenic room available,Heating,Car rental,Soundproof rooms,Elevator,Family rooms,Facilities for disabled guests,Non-smoking rooms,Bathroom emergency cord,Lowered sink,Raised toilet,Wheelchair accessible,Sauna,German,English,",9,8.9,8.9,8.1,9.1,8.9,"2022-06-22 18:36:33"
300,https://www.booking.com/hotel/de/glockengasse.html?aid=304142&label=gen173nr-1DCAso7AFCE21pbGxlbm5pdW0tYnJvYWR3YXlIM1gEaLUBiAEBmAExuAEXyAEM2AED6AEB-AECiAIBqAIDuAKcpPaUBsACAdICJGZhMzU0ZDY4LWY5ZjItNDc3Yi1hNTkzLTRiMTcxZjhkZThkOdgCBOACAQ&sid=4633db7cb631560c7cecd843a687be00&dest_id=298199;dest_type=hotel;dist=0;group_adults=2;group_children=0;hapos=1;hpos=1;no_rooms=1;req_adults=2;req_children=0;room1=A%2CA;sb_price_type=total;sr_order=popularity;srepoch=1654789673;srpvid=f9b96f1407160174;type=total;ucfs=1&#hotelTmpl,"Hotel Glockengasse",3,website,,"You're eligible for a Genius discount at Hotel Glockengasse! To save at this property, all you have to do is .A 10-minute walk from Cologne Central Station and the pretty Old Town district, this central hotel lies in a quiet side street. Spacious rooms with flat-screen TV are offered here.Classically furnished rooms with work desk are offered at the Glockengasse Hotel. All rooms have a private bathroom with shower and hairdryer.Cologne Opera House and the Schildergasse shopping street are within a 5-minute walk of Glockengasse. Museums, restaurants and galleries can be found in the area.The hotel is just 350 feet from Appellhofplatz Underground Station, which provides links to all parts of the city. ","Glockengasse 64-66, Altstadt-Nord, 50667 Cologne, Germany",7.9,798,8.7,"Booking is safeManage your bookings onlineThe staff speaks English","Free WiFi,Pet friendly,Non-smoking rooms,Heating,Fax/Photocopying,Express check-in/out,Smoke-free property,Heating,Non-smoking rooms,German,English,Russian,",7.6,8,7.8,8.4,9.3,9.0,"2022-06-22 18:36:35"
301,https://www.booking.com/hotel/de/le-meridien-park.html?aid=304142&label=gen173nr-1DCAso7AFCE21pbGxlbm5pdW0tYnJvYWR3YXlIM1gEaLUBiAEBmAExuAEXyAEM2AED6AEB-AECiAIBqAIDuAKcpPaUBsACAdICJGZhMzU0ZDY4LWY5ZjItNDc3Yi1hNTkzLTRiMTcxZjhkZThkOdgCBOACAQ&sid=4633db7cb631560c7cecd843a687be00&dest_id=64861;dest_type=hotel;dist=0;group_adults=2;group_children=0;hapos=1;hpos=1;no_rooms=1;req_adults=2;req_children=0;room1=A%2CA;sb_price_type=total;sr_order=popularity;srepoch=1654790229;srpvid=797d702ae3dd039f;type=total;ucfs=1&#hotelTmpl,"Le Méridien Frankfurt",5,website,,"Centrally located in Frankfurt, only 500 feet away from Frankfurt's Main Station, Le Méridien Frankfurt offers stylish accommodations with spa facilities, which is just a 15-minute walk from the Old Town and Frankfurt Exhibition Center.The Le Méridien Frankfurt offers elegant, air-conditioned rooms and suites, which are spread throughout 2 separate buildings: the Palais wing and the modern Legacy wing. All rooms and suites come with a complimentary bottle of water and free WiFi access. All suites also feature a coffee machine.An extensive breakfast buffet is available as early as 07:00 and remains until 10:30. Traditional and unusual dishes are on the modern menu at The Legacy Bar & Grill. Gourmet diners will enjoy the BBQ and smoked delicacies as well as the expert cocktail creations, carefully selected wines, and local craft beers.The Le Méridien's fitness area includes a gym, sauna and steam room. The gym featuring state of the art machines, natural day light and a summer terrace, is accessible 24/7 with the room key. A range of beauty treatments are also available in the spa. Guests can also enjoy free access to art exhibitions.The Frankfurt am Main Airport is reachable by train within 15 minutes. ","Wiesenhuettenplatz 38, Bahnhofsviertel, 60329 Frankfurt, Germany",7.7,527,8.7,"Booking is safeManage your bookings onlineThe staff speaks English","Parking,Free WiFi,Pet friendly,Family rooms,Non-smoking rooms,Fitness center,Bar,Terrace,Garden,Breakfast in the room,Bar,Restaurant,Parking garage,Concierge,Baggage storage,Express check-in/out,24-hour front desk,Daily housekeeping,Ironing service,Dry cleaning,Laundry,Fax/Photocopying,Meeting/Banquet facilities,Fire extinguishers,CCTV outside property,CCTV in common areas,Smoke alarms,Key card access,Safe,Pet bowls,Pet basket,Air conditioning,Smoke-free property,Hypoallergenic room available,Heating,Elevator,Family rooms,Non-smoking rooms,Room service,Fitness,Massage,Fitness center,Sauna,Arabic,German,English,Spanish,Hindi,Italian,Portuguese,Turkish,",7.8,8.3,8.3,7.3,8.5,8.0,"2022-06-22 18:36:44"
